@_ZNK10__cxxabiv120__si_class_type_info11__do_upcastEPKNS_17__class_type_infoEPPv_indirect_call_register_in_if.end|1|1/1/1/1
@_ZNK10__cxxabiv120__si_class_type_info7cast_toEPvPKNS_17__class_type_infoE_indirect_call_register_in_if.end|1|1/1/1/1
@_ZNK10__cxxabiv121__vmi_class_type_info11__do_upcastEPKNS_17__class_type_infoEPPv_indirect_call_register_in_lor.lhs.false|1|1/1/1/1
@_ZNK10__cxxabiv121__vmi_class_type_info7cast_toEPvPKNS_17__class_type_infoE_indirect_call_register_in_entry|1|1/1/1/1
@__cyg_profile_func_enter_indirect_call_register_in_if.then3|1|1/1/1/1
@__cyg_profile_func_exit_indirect_call_register_in_if.then3|1|1/1/1/1
@_start_indirect_call_register_in_entry|1|1/1/1/1
@alias_printall_indirect_call_register_in_for.body|1|1/1/1/1
@arm_breakpoint_match_indirect_call_register_in_if.then|1|1/1/1/1
@arm_timer_interrupt_indirect_call_register_in_if.then.i|1|1/1/1/1
@arm_watchpoint_match_indirect_call_register_in_if.then|1|1/1/1/1
@base64stream_flush_indirect_call_register_in_if.end|1|1/1/1/1
@blkoutstream_flush_indirect_call_register_in_if.then|1|1/1/1/1
@blkoutstream_puts_indirect_call_register_in_if.else37|1|1/1/1/1
@blkoutstream_puts_indirect_call_register_in_if.then15|1|1/1/1/1
@blkoutstream_puts_indirect_call_register_in_if.then24|1|1/1/1/1
@blkoutstream_seek_indirect_call_register_in_if.end20|1|1/1/1/1
@blkoutstream_seek_indirect_call_register_in_if.then29|1|1/1/1/1
@bsearch_indirect_call_register_in_for.body|1|1/1/1/1
@bufferedoutstream_flush_indirect_call_register_in_entry|1|1/1/1/1
@bufferedoutstream_puts_indirect_call_register_in_if.else|1|1/1/1/1
@bufferedoutstream_puts_indirect_call_register_in_if.then6|1|1/1/1/1
@call_nftw_indirect_call_register_in_if.end10|1|1/1/1/1
@chstat_recursive_indirect_call_register_in_if.then12|1|1/1/1/1
@close_blockdriver_indirect_call_register_in_if.then9|1|1/1/1/1
@cmd_alias_indirect_call_register_in_if.else13|1|1/1/1/1
@cmd_alias_indirect_call_register_in_if.then10|1|1/1/1/1
@cmd_alias_indirect_call_register_in_if.then5|1|1/1/1/1
@cmd_basename_indirect_call_register_in_if.end10|1|1/1/1/1
@cmd_cat_indirect_call_register_in_if.end21|1|1/1/1/1
@cmd_cat_indirect_call_register_in_if.then|1|1/1/1/1
@cmd_cat_indirect_call_register_in_while.body|1|1/1/1/1
@cmd_cd_indirect_call_register_in_if.then20|1|1/1/1/1
@cmd_cmp_indirect_call_register_in_cond.end|1|1/1/1/1
@cmd_cmp_indirect_call_register_in_if.then|1|1/1/1/1
@cmd_cmp_indirect_call_register_in_if.then13|1|1/1/1/1
@cmd_cmp_indirect_call_register_in_if.then21|1|1/1/1/1
@cmd_cmp_indirect_call_register_in_if.then31|1|1/1/1/1
@cmd_cmp_indirect_call_register_in_if.then38|1|1/1/1/1
@cmd_cmp_indirect_call_register_in_if.then6|1|1/1/1/1
@cmd_cp_indirect_call_register_in_if.then|1|1/1/1/1
@cmd_cp_indirect_call_register_in_if.then10|1|1/1/1/1
@cmd_cp_indirect_call_register_in_if.then17|1|1/1/1/1
@cmd_dirname_indirect_call_register_in_entry|1|1/1/1/1
@cmd_dmesg_indirect_call_register_in_if.then12|1|1/1/1/1
@cmd_dmesg_indirect_call_register_in_if.then6|1|1/1/1/1
@cmd_echo_indirect_call_register_in_if.end29|1|1/1/1/1
@cmd_echo_indirect_call_register_in_if.then35|1|1/1/1/1
@cmd_echo_indirect_call_register_in_if.then41|1|1/1/1/1
@cmd_exec_indirect_call_register_in_if.end|1|1/1/1/1
@cmd_exec_indirect_call_register_in_if.then|1|1/1/1/1
@cmd_exit_indirect_call_register_in_entry|1|1/1/1/1
@cmd_expr_indirect_call_register_in_if.then|1|1/1/1/1
@cmd_expr_indirect_call_register_in_if.then14|1|1/1/1/1
@cmd_expr_indirect_call_register_in_if.then26|1|1/1/1/1
@cmd_expr_indirect_call_register_in_if.then33|1|1/1/1/1
@cmd_expr_indirect_call_register_in_if.then5|1|1/1/1/1
@cmd_expr_indirect_call_register_in_sw.default|1|1/1/1/1
@cmd_expr_indirect_call_register_in_sw.epilog|1|1/1/1/1
@cmd_fdinfo_indirect_call_register_in_if.then3|1|1/1/1/1
@cmd_help_indirect_call_register_in_if.else16|1|1/1/1/1
@cmd_help_indirect_call_register_in_if.then14|1|1/1/1/1
@cmd_hexdump_indirect_call_register_in_if.then|1|1/1/1/1
@cmd_hexdump_indirect_call_register_in_if.then31|1|1/1/1/1
@cmd_hexdump_indirect_call_register_in_if.then5|1|1/1/1/1
@cmd_insmod_indirect_call_register_in_if.then|1|1/1/1/1
@cmd_kill_indirect_call_register_in_invalid_arg|1|1/1/1/1
@cmd_kill_indirect_call_register_in_sw.bb47|1|1/1/1/1
@cmd_kill_indirect_call_register_in_sw.default|1|1/1/1/1
@cmd_lbracket_indirect_call_register_in_if.then|1|1/1/1/1
@cmd_ls_indirect_call_register_in_if.else53|1|1/1/1/1
@cmd_ls_indirect_call_register_in_if.then11|1|1/1/1/1
@cmd_ls_indirect_call_register_in_if.then26|1|1/1/1/1
@cmd_ls_indirect_call_register_in_if.then43|1|1/1/1/1
@cmd_ls_indirect_call_register_in_sw.default|1|1/1/1/1
@cmd_lsmod_indirect_call_register_in_cond.end51|1|1/1/1/1
@cmd_lsmod_indirect_call_register_in_if.end|1|1/1/1/1
@cmd_lsmod_indirect_call_register_in_if.then|1|1/1/1/1
@cmd_mkdir_indirect_call_register_in_if.then16|1|1/1/1/1
@cmd_mkrd_indirect_call_register_in_errout_with_fmt|1|1/1/1/1
@cmd_mkrd_indirect_call_register_in_if.then|1|1/1/1/1
@cmd_mkrd_indirect_call_register_in_if.then12|1|1/1/1/1
@cmd_mkrd_indirect_call_register_in_if.then45|1|1/1/1/1
@cmd_mkrd_indirect_call_register_in_sw.bb17|1|1/1/1/1
@cmd_mkrd_indirect_call_register_in_sw.default|1|1/1/1/1
@cmd_mount_indirect_call_register_in_if.then17|1|1/1/1/1
@cmd_mount_indirect_call_register_in_if.then34|1|1/1/1/1
@cmd_mount_indirect_call_register_in_if.then41|1|1/1/1/1
@cmd_mount_indirect_call_register_in_if.then59|1|1/1/1/1
@cmd_mount_indirect_call_register_in_sw.bb6|1|1/1/1/1
@cmd_mount_indirect_call_register_in_sw.default|1|1/1/1/1
@cmd_mv_indirect_call_register_in_if.then|1|1/1/1/1
@cmd_mv_indirect_call_register_in_if.then13|1|1/1/1/1
@cmd_mv_indirect_call_register_in_if.then6|1|1/1/1/1
@cmd_pidof_indirect_call_register_in_for.body|1|1/1/1/1
@cmd_pidof_indirect_call_register_in_for.end|1|1/1/1/1
@cmd_pidof_indirect_call_register_in_if.then|1|1/1/1/1
@cmd_pkill_indirect_call_register_in_if.then25|1|1/1/1/1
@cmd_pkill_indirect_call_register_in_invalid_arg|1|1/1/1/1
@cmd_pkill_indirect_call_register_in_sw.bb37|1|1/1/1/1
@cmd_pkill_indirect_call_register_in_sw.default|1|1/1/1/1
@cmd_poweroff_indirect_call_register_in_if.end|1|1/1/1/1
@cmd_printf_indirect_call_register_in_if.else43|1|1/1/1/1
@cmd_printf_indirect_call_register_in_if.then10|1|1/1/1/1
@cmd_printf_indirect_call_register_in_if.then19|1|1/1/1/1
@cmd_printf_indirect_call_register_in_if.then28|1|1/1/1/1
@cmd_printf_indirect_call_register_in_sw.bb34|1|1/1/1/1
@cmd_printf_indirect_call_register_in_sw.bb37|1|1/1/1/1
@cmd_printf_indirect_call_register_in_sw.bb40|1|1/1/1/1
@cmd_pwd_indirect_call_register_in_entry|1|1/1/1/1
@cmd_rm_indirect_call_register_in_if.else|1|1/1/1/1
@cmd_rm_indirect_call_register_in_if.then32|1|1/1/1/1
@cmd_rm_indirect_call_register_in_sw.bb2|1|1/1/1/1
@cmd_rm_indirect_call_register_in_sw.default|1|1/1/1/1
@cmd_rmdir_indirect_call_register_in_if.then3|1|1/1/1/1
@cmd_rmmod_indirect_call_register_in_if.then|1|1/1/1/1
@cmd_rmmod_indirect_call_register_in_if.then6|1|1/1/1/1
@cmd_set_indirect_call_register_in_if.then13|1|1/1/1/1
@cmd_set_indirect_call_register_in_if.then29|1|1/1/1/1
@cmd_set_indirect_call_register_in_if.then3|1|1/1/1/1
@cmd_set_indirect_call_register_in_if.then73|1|1/1/1/1
@cmd_sleep_indirect_call_register_in_if.then|1|1/1/1/1
@cmd_time_indirect_call_register_in_if.end27|1|1/1/1/1
@cmd_time_indirect_call_register_in_if.then|1|1/1/1/1
@cmd_time_indirect_call_register_in_if.then15|1|1/1/1/1
@cmd_truncate_indirect_call_register_in_if.else52|1|1/1/1/1
@cmd_truncate_indirect_call_register_in_if.then|1|1/1/1/1
@cmd_truncate_indirect_call_register_in_if.then16|1|1/1/1/1
@cmd_truncate_indirect_call_register_in_if.then32|1|1/1/1/1
@cmd_truncate_indirect_call_register_in_if.then43|1|1/1/1/1
@cmd_truncate_indirect_call_register_in_if.then60|1|1/1/1/1
@cmd_truncate_indirect_call_register_in_if.then68|1|1/1/1/1
@cmd_truncate_indirect_call_register_in_if.then7|1|1/1/1/1
@cmd_umount_indirect_call_register_in_if.then|1|1/1/1/1
@cmd_umount_indirect_call_register_in_if.then13|1|1/1/1/1
@cmd_umount_indirect_call_register_in_sw.default|1|1/1/1/1
@cmd_unalias_indirect_call_register_in_if.else|1|1/1/1/1
@cmd_uname_indirect_call_register_in_for.end|1|1/1/1/1
@cmd_uname_indirect_call_register_in_if.end48|1|1/1/1/1
@cmd_uname_indirect_call_register_in_if.then22|1|1/1/1/1
@cmd_uname_indirect_call_register_in_if.then47|1|1/1/1/1
@cmd_uname_indirect_call_register_in_sw.default|1|1/1/1/1
@cmd_uname_indirect_call_register_in_sw.default41|1|1/1/1/1
@cmd_unrecognized_indirect_call_register_in_entry|1|1/1/1/1
@cmd_unset_indirect_call_register_in_if.then|1|1/1/1/1
@cmd_uptime_indirect_call_register_in_if.else70|1|1/1/1/1
@cmd_uptime_indirect_call_register_in_if.end|1|1/1/1/1
@cmd_uptime_indirect_call_register_in_if.end42|1|1/1/1/1
@cmd_uptime_indirect_call_register_in_if.end65|1|1/1/1/1
@cmd_uptime_indirect_call_register_in_if.end99|1|1/1/1/1
@cmd_uptime_indirect_call_register_in_if.then|1|1/1/1/1
@cmd_uptime_indirect_call_register_in_if.then10|1|1/1/1/1
@cmd_uptime_indirect_call_register_in_if.then25|1|1/1/1/1
@cmd_uptime_indirect_call_register_in_if.then52|1|1/1/1/1
@cmd_uptime_indirect_call_register_in_if.then60|1|1/1/1/1
@cmd_uptime_indirect_call_register_in_if.then75|1|1/1/1/1
@cmd_usleep_indirect_call_register_in_if.then|1|1/1/1/1
@cmd_wait_indirect_call_register_in_if.then10|1|1/1/1/1
@cmd_wait_indirect_call_register_in_if.then18|1|1/1/1/1
@cmd_wait_indirect_call_register_in_if.then55|1|1/1/1/1
@cmd_watch_indirect_call_register_in_if.else|1|1/1/1/1
@cmd_watch_indirect_call_register_in_if.then25|1|1/1/1/1
@cmd_watch_indirect_call_register_in_sw.default|1|1/1/1/1
@cp_handler_indirect_call_register_in_if.else40|1|1/1/1/1
@cp_handler_indirect_call_register_in_if.else56|1|1/1/1/1
@cp_handler_indirect_call_register_in_if.then|1|1/1/1/1
@cp_handler_indirect_call_register_in_if.then10|1|1/1/1/1
@cp_handler_indirect_call_register_in_if.then23|1|1/1/1/1
@cp_handler_indirect_call_register_in_if.then37|1|1/1/1/1
@cp_handler_indirect_call_register_in_if.then53|1|1/1/1/1
@cp_recursive_indirect_call_register_in_if.then|1|1/1/1/1
@cp_recursive_indirect_call_register_in_if.then23|1|1/1/1/1
@cp_recursive_indirect_call_register_in_if.then38|1|1/1/1/1
@dir_close_indirect_call_register_in_if.then4|1|1/1/1/1
@dir_read_indirect_call_register_in_if.then4|1|1/1/1/1
@do_glob_indirect_call_register_in_if.then173|1|1/1/1/1
@do_glob_indirect_call_register_in_land.lhs.true123|1|1/1/1/1
@do_glob_indirect_call_register_in_land.lhs.true251|1|1/1/1/1
@early_vsyslog_indirect_call_register_in_if.then|1|1/1/1/1
@env_foreach_indirect_call_register_in_for.body|1|1/1/1/1
@exec_ctors_indirect_call_register_in_for.body|1|1/1/1/1
@exec_dtors_indirect_call_register_in_for.body|1|1/1/1/1
@explicit_bzero_indirect_call_register_in_entry|1|1/1/1/1
@expression_indirect_call_register_in_errout_syntax|1|1/1/1/1
@fclose_indirect_call_register_in_if.then73|1|1/1/1/1
@fdinfo_callback_indirect_call_register_in_if.end17|1|1/1/1/1
@fdinfo_callback_indirect_call_register_in_if.then14|1|1/1/1/1
@fdinfo_callback_indirect_call_register_in_if.then24|1|1/1/1/1
@file_close_indirect_call_register_in_if.then8|1|1/1/1/1
@file_dup2_indirect_call_register_in_if.then20|1|1/1/1/1
@file_dup2_indirect_call_register_in_if.then32|1|1/1/1/1
@file_dup2_indirect_call_register_in_if.then52|1|1/1/1/1
@file_fchstat_indirect_call_register_in_if.then72|1|1/1/1/1
@file_fstat_indirect_call_register_in_if.then10|1|1/1/1/1
@file_fsync_indirect_call_register_in_if.then19|1|1/1/1/1
@file_fsync_indirect_call_register_in_if.then8|1|1/1/1/1
@file_mmap__indirect_call_register_in_if.then66|1|1/1/1/1
@file_poll_indirect_call_register_in_if.then30|1|1/1/1/1
@file_poll_indirect_call_register_in_if.then52|1|1/1/1/1
@file_readv_compat_indirect_call_register_in_if.end9|1|1/1/1/1
@file_readv_indirect_call_register_in_if.then23|1|1/1/1/1
@file_seek_indirect_call_register_in_if.then|1|1/1/1/1
@file_syncfs_indirect_call_register_in_if.then7|1|1/1/1/1
@file_truncate_indirect_call_register_in_if.end26|1|1/1/1/1
@file_vioctl_indirect_call_register_in_if.then60|1|1/1/1/1
@file_vioctl_indirect_call_register_in_if.then7|1|1/1/1/1
@file_vioctl_indirect_call_register_in_if.then84|1|1/1/1/1
@file_vopen_indirect_call_register_in_if.then42|1|1/1/1/1
@file_vopen_indirect_call_register_in_if.then65|1|1/1/1/1
@file_writev_compat_indirect_call_register_in_if.end13|1|1/1/1/1
@file_writev_indirect_call_register_in_if.then21|1|1/1/1/1
@foreach_inodelevel_indirect_call_register_in_for.body|1|1/1/1/1
@fseeko_indirect_call_register_in_if.then7|1|1/1/1/1
@fstatfs_indirect_call_register_in_if.then10|1|1/1/1/1
@ftello_indirect_call_register_in_if.then1|1|1/1/1/1
@group_foreachchild_indirect_call_register_in_for.body|1|1/1/1/1
@hdestroy_r_indirect_call_register_in_do.end|1|1/1/1/1
@help_builtins_indirect_call_register_in_for.end46|1|1/1/1/1
@help_builtins_indirect_call_register_in_if.end12|1|1/1/1/1
@help_cmd_indirect_call_register_in_for.end|1|1/1/1/1
@help_cmd_indirect_call_register_in_if.then|1|1/1/1/1
@help_cmdlist_indirect_call_register_in_for.end35|1|1/1/1/1
@help_showcmd_indirect_call_register_in_if.else|1|1/1/1/1
@help_showcmd_indirect_call_register_in_if.then|1|1/1/1/1
@help_usage_indirect_call_register_in_entry|1|1/1/1/1
@hexdumpstream_flush_indirect_call_register_in_if.then|1|1/1/1/1
@hsearch_r_indirect_call_register_in_do.end36|1|1/1/1/1
@hsearch_r_indirect_call_register_in_entry|1|1/1/1/1
@inode_stat_indirect_call_register_in_if.then56|1|1/1/1/1
@irq_default_handler.679_indirect_call_register_in_entry|1|1/1/1/1
@irq_default_handler_indirect_call_register_in_cond.end|1|1/1/1/1
@irq_dispatch_indirect_call_register_in_if.end6|1|1/1/1/1
@irq_work_handler_indirect_call_register_in_entry|1|1/1/1/1
@isr_thread_main_indirect_call_register_in_if.end|1|1/1/1/1
@lib_blkoutstream_open_indirect_call_register_in_lor.lhs.false11|1|1/1/1/1
@lib_bsprintf_indirect_call_register_in_if.then|1|1/1/1/1
@lib_cxx_initialize_indirect_call_register_in_do.end6|1|1/1/1/1
@lib_dumpvhandler_indirect_call_register_in_for.end|1|1/1/1/1
@lib_dumpvhandler_indirect_call_register_in_if.then2|1|1/1/1/1
@lib_fflush_unlocked_indirect_call_register_in_if.then20|1|1/1/1/1
@lib_fread_unlocked_indirect_call_register_in_if.then129|1|1/1/1/1
@lib_fread_unlocked_indirect_call_register_in_if.then56|1|1/1/1/1
@lib_fread_unlocked_indirect_call_register_in_if.then90|1|1/1/1/1
@lib_fwrite_unlocked_indirect_call_register_in_if.then13|1|1/1/1/1
@lib_fwrite_unlocked_indirect_call_register_in_if.then62|1|1/1/1/1
@lib_obstack_malloc_indirect_call_register_in_if.end|1|1/1/1/1
@lib_obstack_realloc_indirect_call_register_in_if.end|1|1/1/1/1
@lib_rdflush_unlocked_indirect_call_register_in_if.then14|1|1/1/1/1
@libelf_insert_indirect_call_register_in_for.body|1|1/1/1/1
@libelf_insert_indirect_call_register_in_for.body50|1|1/1/1/1
@libelf_registry_foreach_indirect_call_register_in_for.body|1|1/1/1/1
@libelf_uninit_indirect_call_register_in_for.body|1|1/1/1/1
@libelf_uninit_indirect_call_register_in_if.then7|1|1/1/1/1
@load_absmodule_indirect_call_register_in_for.body|1|1/1/1/1
@ls_handler_indirect_call_register_in_if.else163|1|1/1/1/1
@ls_handler_indirect_call_register_in_if.else172|1|1/1/1/1
@ls_handler_indirect_call_register_in_if.else197|1|1/1/1/1
@ls_handler_indirect_call_register_in_if.else201|1|1/1/1/1
@ls_handler_indirect_call_register_in_if.end134|1|1/1/1/1
@ls_handler_indirect_call_register_in_if.then147|1|1/1/1/1
@ls_handler_indirect_call_register_in_if.then156|1|1/1/1/1
@ls_handler_indirect_call_register_in_if.then181|1|1/1/1/1
@ls_handler_indirect_call_register_in_if.then194|1|1/1/1/1
@ls_handler_indirect_call_register_in_if.then7|1|1/1/1/1
@ls_recursive_indirect_call_register_in_if.then|1|1/1/1/1
@med3_indirect_call_register_in_cond.false|1|1/1/1/1
@med3_indirect_call_register_in_cond.false10|1|1/1/1/1
@med3_indirect_call_register_in_cond.false14|1|1/1/1/1
@med3_indirect_call_register_in_cond.true|1|1/1/1/1
@med3_indirect_call_register_in_entry|1|1/1/1/1
@mempool_deinit_indirect_call_register_in_if.then25|1|1/1/1/1
@mempool_deinit_indirect_call_register_in_while.body|1|1/1/1/1
@mempool_init_indirect_call_register_in_if.then|1|1/1/1/1
@mempool_init_indirect_call_register_in_if.then22|1|1/1/1/1
@mempool_init_indirect_call_register_in_if.then33|1|1/1/1/1
@mempool_multiple_alloc_chunk_indirect_call_register_in_if.end15|1|1/1/1/1
@mempool_multiple_alloc_chunk_indirect_call_register_in_if.then|1|1/1/1/1
@mempool_multiple_alloc_chunk_indirect_call_register_in_if.then1|1|1/1/1/1
@mempool_multiple_alloc_chunk_indirect_call_register_in_retry|1|1/1/1/1
@mempool_multiple_deinit_indirect_call_register_in_nxrmutex_destroy.exit|1|1/1/1/1
@mempool_multiple_foreach_indirect_call_register_in_for.body|1|1/1/1/1
@mempool_multiple_free_chunk_indirect_call_register_in_do.end|1|1/1/1/1
@mempool_multiple_free_chunk_indirect_call_register_in_if.then|1|1/1/1/1
@mempool_multiple_init_indirect_call_register_in_for.end|1|1/1/1/1
@mempool_multiple_init_indirect_call_register_in_if.end14|1|1/1/1/1
@mempool_remove_queue_indirect_call_register_in_if.else|1|1/1/1/1
@merge_open_indirect_call_register_in_lor.lhs.false|1|1/1/1/1
@merge_read_indirect_call_register_in_cond.end29|1|1/1/1/1
@merge_write_indirect_call_register_in_cond.end29|1|1/1/1/1
@mkdir_indirect_call_register_in_if.then19|1|1/1/1/1
@mm_foreach_indirect_call_register_in_cond.end34|1|1/1/1/1
@mm_foreach_indirect_call_register_in_do.end|1|1/1/1/1
@mm_map_destroy_indirect_call_register_in_if.then|1|1/1/1/1
@mountpoint_filter_indirect_call_register_in_if.end|1|1/1/1/1
@mountpoint_filter_indirect_call_register_in_if.then27|1|1/1/1/1
@mountptrename_indirect_call_register_in_if.else47|1|1/1/1/1
@mountptrename_indirect_call_register_in_if.end67|1|1/1/1/1
@mountptrename_indirect_call_register_in_if.then28|1|1/1/1/1
@mountptrename_indirect_call_register_in_if.then59|1|1/1/1/1
@msync_indirect_call_register_in_if.then12|1|1/1/1/1
@ndelay_accurate_indirect_call_register_in_entry|1|1/1/1/1
@ndelay_accurate_indirect_call_register_in_while.body|1|1/1/1/1
@nsh_argexpand_indirect_call_register_in_cond.end|1|1/1/1/1
@nsh_argexpand_indirect_call_register_in_if.then44|1|1/1/1/1
@nsh_argument_indirect_call_register_in_if.then57|1|1/1/1/1
@nsh_builtin_indirect_call_register_in_if.else|1|1/1/1/1
@nsh_builtin_indirect_call_register_in_if.else31|1|1/1/1/1
@nsh_builtin_indirect_call_register_in_if.then27|1|1/1/1/1
@nsh_builtin_indirect_call_register_in_if.then6|1|1/1/1/1
@nsh_catfile_indirect_call_register_in_if.else|1|1/1/1/1
@nsh_catfile_indirect_call_register_in_if.else40|1|1/1/1/1
@nsh_catfile_indirect_call_register_in_if.end|1|1/1/1/1
@nsh_catfile_indirect_call_register_in_if.then11|1|1/1/1/1
@nsh_catfile_indirect_call_register_in_if.then22|1|1/1/1/1
@nsh_catfile_indirect_call_register_in_if.then3|1|1/1/1/1
@nsh_catfile_indirect_call_register_in_if.then37|1|1/1/1/1
@nsh_catfile_indirect_call_register_in_while.body|1|1/1/1/1
@nsh_command_indirect_call_register_in_for.end|1|1/1/1/1
@nsh_command_indirect_call_register_in_if.then10|1|1/1/1/1
@nsh_command_indirect_call_register_in_if.then5|1|1/1/1/1
@nsh_consolemain_indirect_call_register_in_if.end|1|1/1/1/1
@nsh_dumpbuffer_indirect_call_register_in_entry|1|1/1/1/1
@nsh_dumpbuffer_indirect_call_register_in_for.end41|1|1/1/1/1
@nsh_execute_indirect_call_register_in_if.then11|1|1/1/1/1
@nsh_execute_indirect_call_register_in_if.then37|1|1/1/1/1
@nsh_execute_indirect_call_register_in_if.then56|1|1/1/1/1
@nsh_execute_indirect_call_register_in_if.then73|1|1/1/1/1
@nsh_execute_indirect_call_register_in_if.then84|1|1/1/1/1
@nsh_foreach_direntry_indirect_call_register_in_if.end|1|1/1/1/1
@nsh_foreach_direntry_indirect_call_register_in_if.end12|1|1/1/1/1
@nsh_foreach_direntry_indirect_call_register_in_if.then3|1|1/1/1/1
@nsh_itef_indirect_call_register_in_if.then114|1|1/1/1/1
@nsh_itef_indirect_call_register_in_if.then132|1|1/1/1/1
@nsh_itef_indirect_call_register_in_if.then154|1|1/1/1/1
@nsh_itef_indirect_call_register_in_if.then162|1|1/1/1/1
@nsh_itef_indirect_call_register_in_if.then177|1|1/1/1/1
@nsh_itef_indirect_call_register_in_if.then21|1|1/1/1/1
@nsh_itef_indirect_call_register_in_if.then29|1|1/1/1/1
@nsh_itef_indirect_call_register_in_if.then37|1|1/1/1/1
@nsh_itef_indirect_call_register_in_if.then8|1|1/1/1/1
@nsh_itef_indirect_call_register_in_if.then88|1|1/1/1/1
@nsh_loop_indirect_call_register_in_if.then109|1|1/1/1/1
@nsh_loop_indirect_call_register_in_if.then127|1|1/1/1/1
@nsh_loop_indirect_call_register_in_if.then13|1|1/1/1/1
@nsh_loop_indirect_call_register_in_if.then140|1|1/1/1/1
@nsh_loop_indirect_call_register_in_if.then148|1|1/1/1/1
@nsh_loop_indirect_call_register_in_if.then169|1|1/1/1/1
@nsh_loop_indirect_call_register_in_if.then212|1|1/1/1/1
@nsh_loop_indirect_call_register_in_if.then42|1|1/1/1/1
@nsh_loop_indirect_call_register_in_if.then50|1|1/1/1/1
@nsh_nice_indirect_call_register_in_if.then26|1|1/1/1/1
@nsh_parse_command_indirect_call_register_in_if.then126|1|1/1/1/1
@nsh_parse_command_indirect_call_register_in_if.then156|1|1/1/1/1
@nsh_parse_command_indirect_call_register_in_if.then72|1|1/1/1/1
@nsh_parse_command_indirect_call_register_in_if.then97|1|1/1/1/1
@nsh_parse_indirect_call_register_in_if.then39|1|1/1/1/1
@nsh_readfile_indirect_call_register_in_if.then|1|1/1/1/1
@nsh_readfile_indirect_call_register_in_if.then11|1|1/1/1/1
@nsh_script_indirect_call_register_in_if.end|1|1/1/1/1
@nsh_script_indirect_call_register_in_if.then11|1|1/1/1/1
@nsh_script_indirect_call_register_in_if.then27|1|1/1/1/1
@nsh_script_indirect_call_register_in_if.then40|1|1/1/1/1
@nsh_session_indirect_call_register_in_if.else19|1|1/1/1/1
@nsh_session_indirect_call_register_in_if.then27|1|1/1/1/1
@nsh_session_indirect_call_register_in_if.then8|1|1/1/1/1
@nsh_strcat_indirect_call_register_in_if.then5|1|1/1/1/1
@nsh_system__indirect_call_register_in_cond.end|1|1/1/1/1
@nsh_writefile_indirect_call_register_in_if.end|1|1/1/1/1
@nsh_writefile_indirect_call_register_in_if.then11|1|1/1/1/1
@nsh_writefile_indirect_call_register_in_if.then3|1|1/1/1/1
@nx_mount_indirect_call_register_in_if.end75|1|1/1/1/1
@nx_mount_indirect_call_register_in_if.then113|1|1/1/1/1
@nx_umount2_indirect_call_register_in_if.end13|1|1/1/1/1
@nx_unlink_indirect_call_register_in_if.then11|1|1/1/1/1
@nx_unlink_indirect_call_register_in_if.then47|1|1/1/1/1
@nx_unlink_indirect_call_register_in_if.then66|1|1/1/1/1
@nx_vsyslog_indirect_call_register_in_if.then|1|1/1/1/1
@nxsem_foreachholder_indirect_call_register_in_cond.end|1|1/1/1/1
@nxsig_dispatch_kernel_action_indirect_call_register_in_if.then|1|1/1/1/1
@nxtask_startup_indirect_call_register_in_cond.end|1|1/1/1/1
@oneshot_ioctl_indirect_call_register_in_clkcnt_delta_time2cnt.exit|1|1/1/1/1
@oneshot_ioctl_indirect_call_register_in_cond.end10|1|1/1/1/1
@oneshot_ioctl_indirect_call_register_in_sw.bb28|1|1/1/1/1
@oneshot_ioctl_indirect_call_register_in_sw.bb32|1|1/1/1/1
@open_blockdriver_indirect_call_register_in_if.then4|1|1/1/1/1
@open_mountpoint_indirect_call_register_in_if.end|1|1/1/1/1
@parse_block_partition_indirect_call_register_in_if.else|1|1/1/1/1
@parse_block_partition_indirect_call_register_in_land.lhs.true|1|1/1/1/1
@parse_mtd_partition_indirect_call_register_in_entry|1|1/1/1/1
@part_close_indirect_call_register_in_if.then|1|1/1/1/1
@part_geometry_indirect_call_register_in_entry|1|1/1/1/1
@part_ioctl_indirect_call_register_in_if.end11|1|1/1/1/1
@part_open_indirect_call_register_in_if.then|1|1/1/1/1
@part_read_indirect_call_register_in_if.end|1|1/1/1/1
@part_write_indirect_call_register_in_if.end|1|1/1/1/1
@poll_notify_indirect_call_register_in_do.end|1|1/1/1/1
@procfs_close_indirect_call_register_in_if.then|1|1/1/1/1
@procfs_closedir_indirect_call_register_in_if.then|1|1/1/1/1
@procfs_dup_indirect_call_register_in_cond.end|1|1/1/1/1
@procfs_open_indirect_call_register_in_cond.end|1|1/1/1/1
@procfs_opendir_indirect_call_register_in_if.end42|1|1/1/1/1
@procfs_poll_indirect_call_register_in_if.then|1|1/1/1/1
@procfs_read_indirect_call_register_in_cond.end|1|1/1/1/1
@procfs_readdir_indirect_call_register_in_cond.end190|1|1/1/1/1
@procfs_stat_indirect_call_register_in_cond.end|1|1/1/1/1
@procfs_write_indirect_call_register_in_if.then|1|1/1/1/1
@proxy_fstat_indirect_call_register_in_if.then|1|1/1/1/1
@ps_output_indirect_call_register_in_entry|1|1/1/1/1
@ps_readprocfs_indirect_call_register_in_if.then|1|1/1/1/1
@ps_title_indirect_call_register_in_entry|1|1/1/1/1
@psci_cpu_off_indirect_call_register_in_if.end|1|1/1/1/1
@psci_cpu_on_indirect_call_register_in_if.end|1|1/1/1/1
@psci_get_version_indirect_call_register_in_entry|1|1/1/1/1
@psci_sys_poweroff_indirect_call_register_in_if.end|1|1/1/1/1
@psci_sys_reset_indirect_call_register_in_if.end|1|1/1/1/1
@pthread_once_indirect_call_register_in_if.then5|1|1/1/1/1
@qsort_indirect_call_register_in_land.rhs|1|1/1/1/1
@qsort_indirect_call_register_in_land.rhs120|1|1/1/1/1
@qsort_indirect_call_register_in_land.rhs64|1|1/1/1/1
@qsort_indirect_call_register_in_land.rhs80|1|1/1/1/1
@read_partition_block_indirect_call_register_in_if.else|1|1/1/1/1
@read_partition_block_indirect_call_register_in_if.then|1|1/1/1/1
@readline_common_indirect_call_register_in_for.body|1|1/1/1/1
@readline_common_indirect_call_register_in_for.cond|1|1/1/1/1
@readline_common_indirect_call_register_in_if.end|1|1/1/1/1
@readline_common_indirect_call_register_in_if.then73|1|1/1/1/1
@readline_common_indirect_call_register_in_while.body|1|1/1/1/1
@register_partition_with_inode_indirect_call_register_in_if.end3|1|1/1/1/1
@rmdir_indirect_call_register_in_if.then11|1|1/1/1/1
@scandir_indirect_call_register_in_land.lhs.true|1|1/1/1/1
@seek_mountptdir_indirect_call_register_in_if.then3|1|1/1/1/1
@seek_mountptdir_indirect_call_register_in_while.body|1|1/1/1/1
@stat_recursive_indirect_call_register_in_if.then12|1|1/1/1/1
@statfs_indirect_call_register_in_if.then24|1|1/1/1/1
@syslog_write_foreach_indirect_call_register_in_if.end18|1|1/1/1/1
@syslog_write_foreach_indirect_call_register_in_if.then21|1|1/1/1/1
@syslog_write_foreach_indirect_call_register_in_if.then31|1|1/1/1/1
@uart_is_termios_hw_change_indirect_call_register_in_if.end|1|1/1/1/1
@uart_putchars_indirect_call_register_in_if.else|1|1/1/1/1
@uart_putchars_indirect_call_register_in_if.then|1|1/1/1/1
@uart_putchars_indirect_call_register_in_while.cond1|1|1/1/1/1
@uart_recvchars_indirect_call_register_in_if.else66|1|1/1/1/1
@uart_recvchars_indirect_call_register_in_if.end41|1|1/1/1/1
@uart_recvchars_indirect_call_register_in_while.cond|1|1/1/1/1
@uart_tcsendbreak_indirect_call_register_in_cond.end|1|1/1/1/1
@uart_tcsendbreak_indirect_call_register_in_if.then1|1|1/1/1/1
@uart_unlink_indirect_call_register_in_cond.true17|1|1/1/1/1
@uart_xmitchars_indirect_call_register_in_if.else44|1|1/1/1/1
@uart_xmitchars_indirect_call_register_in_if.end|1|1/1/1/1
@uart_xmitchars_indirect_call_register_in_if.then75|1|1/1/1/1
@uart_xmitchars_indirect_call_register_in_land.rhs|1|1/1/1/1
@unload_module_indirect_call_register_in_if.then3|1|1/1/1/1
@up_alarm_set_lowerhalf_indirect_call_register_in_clkcnt_time2cnt.exit|1|1/1/1/1
@up_alarm_set_lowerhalf_indirect_call_register_in_entry|1|1/1/1/1
@up_timer_getmask_indirect_call_register_in_if.then|1|1/1/1/1
@up_timer_gettick_indirect_call_register_in_if.then|1|1/1/1/1
@up_timer_gettime_indirect_call_register_in_if.then|1|1/1/1/1
@vdprintf_indirect_call_register_in_entry|1|1/1/1/1
@vscanf_internal_indirect_call_register_in_if.else904|1|1/1/1/1
@vscanf_internal_indirect_call_register_in_if.else923|1|1/1/1/1
@vscanf_internal_indirect_call_register_in_if.end|1|1/1/1/1
@vscanf_internal_indirect_call_register_in_if.end153|1|1/1/1/1
@vscanf_internal_indirect_call_register_in_if.end206|1|1/1/1/1
@vscanf_internal_indirect_call_register_in_if.then351|1|1/1/1/1
@vscanf_internal_indirect_call_register_in_if.then423|1|1/1/1/1
@vscanf_internal_indirect_call_register_in_if.then460|1|1/1/1/1
@vscanf_internal_indirect_call_register_in_if.then497|1|1/1/1/1
@vscanf_internal_indirect_call_register_in_if.then587|1|1/1/1/1
@vscanf_internal_indirect_call_register_in_if.then757|1|1/1/1/1
@vscanf_internal_indirect_call_register_in_while.body131|1|1/1/1/1
@vscanf_internal_indirect_call_register_in_while.body306|1|1/1/1/1
@vscanf_internal_indirect_call_register_in_while.body690|1|1/1/1/1
@vscanf_internal_indirect_call_register_in_while.body9|1|1/1/1/1
@vsprintf_internal_indirect_call_register_in_cond.end580|1|1/1/1/1
@vsprintf_internal_indirect_call_register_in_do.body300|1|1/1/1/1
@vsprintf_internal_indirect_call_register_in_if.end1083|1|1/1/1/1
@vsprintf_internal_indirect_call_register_in_if.end13|1|1/1/1/1
@vsprintf_internal_indirect_call_register_in_if.end333|1|1/1/1/1
@vsprintf_internal_indirect_call_register_in_if.end494|1|1/1/1/1
@vsprintf_internal_indirect_call_register_in_if.end523|1|1/1/1/1
@vsprintf_internal_indirect_call_register_in_if.end551|1|1/1/1/1
@vsprintf_internal_indirect_call_register_in_if.end593|1|1/1/1/1
@vsprintf_internal_indirect_call_register_in_if.end614|1|1/1/1/1
@vsprintf_internal_indirect_call_register_in_if.end686|1|1/1/1/1
@vsprintf_internal_indirect_call_register_in_if.then1051|1|1/1/1/1
@vsprintf_internal_indirect_call_register_in_if.then1058|1|1/1/1/1
@vsprintf_internal_indirect_call_register_in_if.then310|1|1/1/1/1
@vsprintf_internal_indirect_call_register_in_if.then438|1|1/1/1/1
@vsprintf_internal_indirect_call_register_in_if.then470|1|1/1/1/1
@vsprintf_internal_indirect_call_register_in_if.then534|1|1/1/1/1
@vsprintf_internal_indirect_call_register_in_if.then560|1|1/1/1/1
@vsprintf_internal_indirect_call_register_in_if.then589|1|1/1/1/1
@vsprintf_internal_indirect_call_register_in_if.then628|1|1/1/1/1
@vsprintf_internal_indirect_call_register_in_sw.default904|1|1/1/1/1
@vsprintf_internal_indirect_call_register_in_while.body1032|1|1/1/1/1
@vsprintf_internal_indirect_call_register_in_while.body1093|1|1/1/1/1
@vsprintf_internal_indirect_call_register_in_while.body1100|1|1/1/1/1
@vsprintf_internal_indirect_call_register_in_while.body1111|1|1/1/1/1
@vsprintf_internal_indirect_call_register_in_while.body429|1|1/1/1/1
@vsprintf_internal_indirect_call_register_in_while.body450|1|1/1/1/1
@vsprintf_internal_indirect_call_register_in_while.body636|1|1/1/1/1
@vsprintf_internal_indirect_call_register_in_while.body681|1|1/1/1/1
@vsprintf_internal_indirect_call_register_in_while.body862|1|1/1/1/1
_ZN10__cxxabiv117__class_type_infoD1Ev|1|1/1/1/1
_ZN10__cxxabiv120__si_class_type_infoD1Ev|1|1/1/1/1
_ZN10__cxxabiv121__vmi_class_type_infoD1Ev|1|1/1/1/1
_ZNSt9type_infoC1ERKS_|1|1/1/1/1
_ZNSt9type_infoD1Ev|1|1/1/1/1
__divdi3|1|1/1/1/1
__fixunsdfdi|1|1/1/1/1
__floatundidf|1|1/1/1/1
__moddi3|1|1/1/1/1
__udivdi3|1|1/1/1/1
__umoddi3|1|1/1/1/1
_assert|1|1/1/1/1
_exit|1|1/1/1/1
arm_breakpoint_add|1|1/1/1/1
arm_breakpoint_remove|1|1/1/1/1
arm_doirq|1|1/1/1/1
arm_fpuconfig|1|1/1/1/1
arm_get_num_brps|1|1/1/1/1
arm_get_num_wrps|1|1/1/1/1
arm_initialize_stack|1|1/1/1/1
arm_lowputc|1|1/1/1/1
arm_smccc_hvc|1|1/1/1/1
arm_smccc_smc|1|1/1/1/1
arm_stack_color|1|1/1/1/1
arm_timer_initialize|1|1/1/1/1
arm_timer_phy_count|1|1/1/1/1
arm_timer_phy_enable|1|1/1/1/1
arm_timer_phy_set_absolute|1|1/1/1/1
arm_timer_phy_set_irq_mask|1|1/1/1/1
arm_timer_phy_set_relative|1|1/1/1/1
arm_timer_set_freq|1|1/1/1/1
arm_watchpoint_add|1|1/1/1/1
arm_watchpoint_remove|1|1/1/1/1
clearenv|1|1/1/1/1
clock_inittime|1|1/1/1/1
cp15_cache_get_info|1|1/1/1/1
cp15_clean_dcache_bymva|1|1/1/1/1
cp15_dcache_is_enabled|1|1/1/1/1
cp15_dcache_op|1|1/1/1/1
cp15_dcache_op_mva|1|1/1/1/1
cp15_disable_dcache|1|1/1/1/1
cp15_disable_icache|1|1/1/1/1
cp15_enable_dcache|1|1/1/1/1
cp15_enable_icache|1|1/1/1/1
cp15_invalidate_icache|1|1/1/1/1
cp15_invalidate_icache_all|1|1/1/1/1
cp15_invalidate_icache_all.188|1|1/1/1/1
cp15_invalidate_tlb_bymva|1|1/1/1/1
cp15_pmu_rdccr|1|1/1/1/1
cp15_pmu_rdcesr|1|1/1/1/1
cp15_pmu_rdpmcr|1|1/1/1/1
cp15_pmu_rduer|1|1/1/1/1
cp15_pmu_wrcesr|1|1/1/1/1
cp15_pmu_wrpmcr|1|1/1/1/1
cp15_pmu_wruer|1|1/1/1/1
dev_null_test|1|1/1/1/1
env_dup|1|1/1/1/1
exec_internal|1|1/1/1/1
fdlist_dupfile|1|1/1/1/1
fdlist_extend|1|1/1/1/1
fdlist_get_by_index|1|1/1/1/1
fdlist_install|1|1/1/1/1
fdlist_uninstall|1|1/1/1/1
file_allocate|1|1/1/1/1
file_dup|1|1/1/1/1
file_mq_timedreceive_internal|1|1/1/1/1
file_mq_timedsend_internal|1|1/1/1/1
file_mq_vopen|1|1/1/1/1
file_munmap_|1|1/1/1/1
get_environ_ptr|1|1/1/1/1
getenv|1|1/1/1/1
gethostname|1|1/1/1/1
gettid|1|1/1/1/1
group_kill_children|1|1/1/1/1
group_leave|1|1/1/1/1
group_setuptaskfiles|1|1/1/1/1
host_call|1|1/1/1/1
idle_task_initialize|1|1/1/1/1
irq_attach|1|1/1/1/1
mempool_allocate|1|1/1/1/1
mempool_info|1|1/1/1/1
mempool_info_task|1|1/1/1/1
mempool_release|1|1/1/1/1
mm_lock|1|1/1/1/1
mm_lock_irq|1|1/1/1/1
mm_map_lock|1|1/1/1/1
mm_map_unlock|1|1/1/1/1
mm_unlock|1|1/1/1/1
mm_unlock_irq|1|1/1/1/1
nx_close|1|1/1/1/1
nx_dup2|1|1/1/1/1
nx_open|1|1/1/1/1
nxclock_gettime|1|1/1/1/1
nxclock_settime|1|1/1/1/1
nxmq_free_msg|1|1/1/1/1
nxsched_add_readytorun|1|1/1/1/1
nxsched_foreach|1|1/1/1/1
nxsched_get_fdlist|1|1/1/1/1
nxsched_get_param|1|1/1/1/1
nxsched_get_scheduler|1|1/1/1/1
nxsched_get_stackinfo|1|1/1/1/1
nxsched_get_stateinfo|1|1/1/1/1
nxsched_get_tcb|1|1/1/1/1
nxsched_getpid|1|1/1/1/1
nxsched_getppid|1|1/1/1/1
nxsched_gettid|1|1/1/1/1
nxsched_merge_pending|1|1/1/1/1
nxsched_process_roundrobin|1|1/1/1/1
nxsched_process_scheduler|1|1/1/1/1
nxsched_releasepid|1|1/1/1/1
nxsched_remove_readytorun|1|1/1/1/1
nxsched_self|1|1/1/1/1
nxsched_set_param|1|1/1/1/1
nxsched_set_priority|1|1/1/1/1
nxsched_set_scheduler|1|1/1/1/1
nxsched_ticksleep|1|1/1/1/1
nxsched_waitpid|1|1/1/1/1
nxsched_wakeup|1|1/1/1/1
nxsem_clockwait|1|1/1/1/1
nxsem_clockwait_uninterruptible|1|1/1/1/1
nxsem_destroy|1|1/1/1/1
nxsem_post_slow|1|1/1/1/1
nxsem_recover|1|1/1/1/1
nxsem_reset|1|1/1/1/1
nxsem_set_protocol|1|1/1/1/1
nxsem_tickwait|1|1/1/1/1
nxsem_trywait|1|1/1/1/1
nxsem_wait|1|1/1/1/1
nxsem_wait_uninterruptible|1|1/1/1/1
nxsig_action|1|1/1/1/1
nxsig_alloc_pendingsigaction|1|1/1/1/1
nxsig_alloc_pendingsignal|1|1/1/1/1
nxsig_clockwait|1|1/1/1/1
nxsig_find_action|1|1/1/1/1
nxsig_kill|1|1/1/1/1
nxsig_notification|1|1/1/1/1
nxsig_pendingset|1|1/1/1/1
nxsig_procmask|1|1/1/1/1
nxsig_queue|1|1/1/1/1
nxsig_release_action|1|1/1/1/1
nxsig_release_pendingsigaction|1|1/1/1/1
nxsig_release_pendingsignal|1|1/1/1/1
nxsig_tcbdispatch|1|1/1/1/1
nxsig_tgkill|1|1/1/1/1
nxsig_timedwait|1|1/1/1/1
nxtask_activate|1|1/1/1/1
nxtask_delete|1|1/1/1/1
nxtask_restart|1|1/1/1/1
nxthread_setup_scheduler|1|1/1/1/1
open|1|1/1/1/1
pl011_putc|1|1/1/1/1
pl011_setup|1|1/1/1/1
prctl|1|1/1/1/1
profil_timer_handler_cpu|1|1/1/1/1
pthread_cancel|1|1/1/1/1
pthread_create|1|1/1/1/1
pthread_detach|1|1/1/1/1
pthread_exit|1|1/1/1/1
pthread_exit_test|1|1/1/1/1
pthread_join|1|1/1/1/1
pthread_mutex_add|1|1/1/1/1
pthread_mutex_inconsistent|1|1/1/1/1
pthread_mutex_remove|1|1/1/1/1
pthread_rwlock_test|1|1/1/1/1
ramlog_addbuf|1|1/1/1/1
reboot_notifier_call_chain|1|1/1/1/1
register_reboot_notifier|1|1/1/1/1
sched_lock|1|1/1/1/1
sched_unlock|1|1/1/1/1
sched_yield|1|1/1/1/1
sem_timedwait|1|1/1/1/1
setenv|1|1/1/1/1
setitimer|1|1/1/1/1
syslog_default_putc|1|1/1/1/1
syslog_safe_to_block|1|1/1/1/1
timer_create|1|1/1/1/1
timer_deleteall|1|1/1/1/1
timer_free|1|1/1/1/1
timer_gethandle|1|1/1/1/1
uart_poll_notify|1|1/1/1/1
unsetenv|1|1/1/1/1
up_fork|1|1/1/1/1
up_idle|1|1/1/1/1
up_irqinitialize|1|1/1/1/1
up_lowputc|1|1/1/1/1
up_saveusercontext|1|1/1/1/1
up_schedule_sigaction|1|1/1/1/1
up_show_cpuinfo|1|1/1/1/1
waitid|1|1/1/1/1
wd_cancel|1|1/1/1/1
wd_start_abstick|1|1/1/1/1
wd_timer|1|1/1/1/1
wdtest_once|1|1/1/1/1
wdtest_rand|1|1/1/1/1
wdtest_recursive|1|1/1/1/1
work_qcancel|1|1/1/1/1
work_queue_next_wq|1|1/1/1/1
work_queue_wq|1|1/1/1/1
